#title	content	content2	section	css	link	linkText	link2	link2Text
Welcome to <span>YieldMore.org</span>	We dream of having 20 20 member organizations empowering the world and working in a equal profit sharing manner that we call the <a href="%url%growing-together/">Growing Together Model or New DNA or Growpth Blueprint</a>. With my personal motto of Having Enthusiasm and Touching Lives, I hope to find founders of these "Conscious Businesses" and have a team of 400 by 2025 Oct 15th. Picture Credits <a href="https://imran.yieldmore.org/niggle/">Maria</a>.		hero		mailto:team@yieldmore.org	Contact Us	https://www.youtube.com/watch?v=NzjZA3XX4HM\	Watch Video
The World Family	A new DNA that makes us more kind and considerate		featured		./growing-together/			
Multidisciplinary Teams	Website Creation - Content, Theming, Design and Development		featured		./tight-knit-teams/			
Powerful Ideas in Action	Our 7 Core Ideas can be put in action for a small fee and a sharing of profits by all team members		featured		./sitemap/#ideas			
Optimal use of Web and Tech	Our Backbone is <a href="https://amadeusweb.com/">Amadeus Web</a> with its insane content tracking, simplicity and ease of deployment		featured		./web-and-tech/			
Find Out More About Us	We are oft self absorbed or preoccupied and forget that a simple smile or a kindly word or a graceful act can TOUCH someone's life.		about1					
We turn to story to replenish our soul and strengthen our heart and hands.	There is no higher creation myth than <a href="https://www.youtube.com/watch?v=h5e32Crm3Gc">Tolkien's Ainulindale</a>		about2					
Why do we never think of helping souls but instead have much insouciance	In 2018, we <a href="https://www.youtube.com/watch?v=MWAK3K7A6_Y">recorded this message</a> as I was getting warmed up.		abouts					
Who Speaks for Earth	Listen to this compelling message from Astronomer and visionary <a href="https://www.youtube.com/watch?v=Kz1xx7WZd50">Carl Sagan</a>		abouts					
[not used]	At the core, I wanna teach the importance of communication and collective action.. <a href="https://legacy.yieldmore.org/talks/keep-talking/">like so</a>		about_bottom					
Forging Relationships	95		skills					
Vision for Tech in Organization	80		skills					
Content Writing and Grasp of Spirit	90		skills					
Coding Skills with Amadeus	100		skills					
Ideas for Team Cohesion and Motivation	85		skills					
Works like a maniac	95		skills					
Years since foundation stone was laid	10		counts	icofont-simple-smile				
ideas for Collaborators to build upon	7		counts	icofont-document-folder				
Workshops and Courses Foreseen	5		counts	icofont-users-alt-5				
Groups to Interact with Us	14		counts	icofont-live-support				
What Makes us Unique	You could be a first time visitor, apprentice healer, distressed soul, cook, carpenter, college dropout or an edupreneur. All our welcome to our community	YieldMore.org - Have Enthusiasm, Touch Lives	services_top		./harmony/			
We are freethinkers and pacifists	Ultimately mindset on forward thinking minds is what brings the world closer and out of the mire.		services	bx bx-file	./harmony/			
Visit or Join our Growth and Healing Spaces	A Cozy Environment, Volumes of Useful and Inspiring Information and peers to engage in conversations and healing with.		services	bx bxl-dribbble	./spaces/			
Joyful Learning Activities for Children	Our 4 programs for Children are just the tip of the iceberg		services	bx bx-world	./children/			
We all Pull together as a team	20 Founders are invited to form 20 member teams that share profits equally after efforts have been compensated. This blueprint is the future of business.		services	bx bx-tachometer	./growing-together/			
Evolving Sunlight and Soulful Moonlight	Our Workshops and Programs for Companies and Charities		services	bx bx-file	./sunlight-and-moonlight/			
Manifesting Realms	Uniting all the Heroes that would cure this world of its maladies, making their heroes ever stronger by enlisting people from the general populace.		services	bx bxl-dribbble	./realms/			
The Amadeus Web Team	Our team are warm and friendly and live by the YM Model		team_top					
Imran	Imran is a ___	Founder, Programmer	team1					
Jayshri	JShri is a ___	Content, Media and Marketeer	team1					
Frequently Asked Questions	Unable to visualize the process of working with us and the advantages of the Amadeus Web Builder? Let us clarify a few things.		faqs_top					
Question 1	long answer using lorem ipsum dolor 1		faqs1					
Question 2	long answer using lorem ipsum dolor 2		faqs1					