#name	section	title	description	video	audience	role	why
Index	blank	YieldMore.org for Children, Growth and Healing	A bundle of ideas by Imran since 2013.	PTIqjpkF5Ss			
Wisdom	menu	<strong>Wisdom</strong> or Sophia for Holistic Development	Activities aimed at emotional, social and personal development.				
Programmes	wisdom	<strong>Programmes</strong> for Children and Adults	Putting the child on a path of exploration, expression and service.		Families	Parents	Project %programme% offers a good opportunity to be involved in the emotional, social and spiritual development of your child / ward.
Why and How	wisdom	Why we should engage with <strong>Children</strong> and How	Delving into our way of working with Children and why we do so.		Families	Children	Project %programme% helps you explore the world through hand picked music and other forms of art by your elders.
Spirit	wisdom	Instituting a <strong>Spirituality</strong> that Liberates	A new-age integrative, harmonious and holistic approach to religion, philosophy, spirituality and governance.				
New Age Education	wisdom	To Establish a <strong>New Age Education</strong>	Create multiple blueprints on Education for the Future.		Families	Teachers	Project %programme% allows you to network with other teachers as we discover a more involved and happy way to teach our youngsters, it's programmes allow for more fun and closeness in the classroom as the children open up and bond.
Collective Parenting	wisdom	<strong>Collective Parenting</strong> for groups of families.	Networks of families to form Multi Family Learning Pods.		Families	Parents	Project %programme% presents a great way to bond as family and understand each other's culture and perspectives. These collectives can be bonded as a network and simple tools and techniques applied to help everyone overcome challenges and reach goals.
Healing Apprentices	wisdom	To make <strong>Healing Apprentices</strong> of our youth	Let our children become healers in their institutions and neighbourhoods.		Families	Administrators	Project %programme% allows for healing and psychology to be taught at the juniour level making children heal faster, understand each other better and give them the tools for lifelong helping of peers and others.
The Good Generation	wisdom	Simon Anholt and <strong>The Good Generation</strong>	"GoodCountry.org" Founder addresses educators.		Families	Administrators	Project %programme% looks at things in the macro level, so once children exhibit social consciousness through Project Arya, they are taken through the path of Mock Panchayat, Mock Parliament and finally Mock UN in an effort to bond with other youngsters that they may, with some inputs from their elders, finally help solve the problems that vex our species.
Work Inspiration	wisdom	<strong>Our Inspiration</strong> to Work	What has inspired us and created the "Growing Together" DNA Model				
Forward Thinkers	wisdom	Notable <strong>Forward Thinkers</strong> in Education	Progressive Thinkers that Reinvented Education.				
In Tamil	wisdom	Programmes in <strong>Tamil</strong>	Holistic Development of Children				
Healing	menu	<strong>Serenity</strong>, Harmony and Healing for All	Various Resources on Healing ourselves, families and the whole world with strong focus on alternate healing methods and practitioners.				
Words	healing	<strong>Words</strong> for Inspiration and Healing	With an intent to heal individual and societal hurts and project a positive outcome for the future.		Healing	Healees	Project %programme% helps people heal through conversation, poems, words and affirmations, a skill that can be taught to those healers and healees who would Affirm Life.
Cancer	healing	How to <strong>Combat Cancer</strong>	Helping people take Informed Decisions, Rootcausing it etc.		Healing	Healers	Project %programme% will give a platform for healthcare professionals of various disciplines to explain how that system works in the treatment of cancer so that patients and their families can take informed decisions, and NO, cancer is not life ending.
Affirm Life	healing	A time-intensive way to <strong>Create Affirmations</strong>	...working on creating the template and working with Healees 1 and 2		Healing	Trainers	Project %programme% will empower trainers and healers in the art of creating multiple affirmations so that a healee will have formidable verbiage for their healing journey
Spaces	healing	<strong>Spaces</strong> for Growth and Healing	Physical spaces for rejuvenation and overhauling. Work variant, School variant etc.		Groups	Communes	Project %programme% will inform leaders and communes to begin peer healing and guiding in these creative spaces.
Peace Making	healing	<strong>Peace Making</strong> as applicable to Information Warfare	For everyone, this under-development program could bring people together		Groups	Adults	Project %programme% will prepare adults to continuously engage in peace making activity and help them train for the event tensions give rise to conflict.
Mental Health	healing	<strong>Mental Health</strong> Conversations and Digests	For now, links to professionals		Healing	Healers	Project %programme% will promote the works of multiple mental health care professionals.
Resources	healing	<strong>Health Resources</strong> for all	Various Health Resources and Links to online material.				
Serve	menu	Idea and Programs to <strong>Serve</strong> Humankind	"Tis in Giving to ALL HUMANS that we receive"				
Crises	serve	Champion Causes and Avert <strong>Crises</strong>	Crowdfunding with #DirectDonations. Further cause of hunger, homelessness, animals and education.				
Earth	serve	Dare we Save our Planet <strong>Earth</strong>	For all things environmental, worldy and with thoughts of harmony and unification.				
Work	menu	<strong>Evolving Sunlight</strong> and Soulful Moonlight	Don't Repeat Same Mistakes in Corporate Life and share IT Wisdom and Volunteers to NGOs and Charities.	5XR0HGG_iws			
Organizational Excellence	work	<strong>Organizational Excellence</strong> by tackling risks	Create a Quality Team and run risks, challenges and intangible goals into your favourite task management tool.		Work	Management	Project %programme% will help management initiate quality oriented cross team projects where all the intangible deliverables are tracked, not just thrown out as KRAs and KIAs.
Attitude	work	<strong>Attitude Discussions</strong> before Onboaring teammates	A must have round before tech eval in any company!		Work	Recuiters	Project %programme% help recruiters hire for values and attitude before tech is even evaluated.
Evolving Sunlight	unlisted	<strong>Evolving Sunlight</strong> for IT and Corporates	Stubbed Page				
Gearing Up	work	<strong>Gearing Up</strong> to use Tech and do Promotion	A workshop planned in 2021 mid				Project %programme% outlines a series of workshops that would help non tech savvy organizations learn about and make the most of tech
Leadership	work	<strong>Leadership</strong> Workshop by Mustafa of Enabler	Participants must be passionate, dedicated, commited to self, family and community development.				Project %programme% creates leaders and entrepreneurs who can work to create employment opportunities within their own community.
Promotion	work	<strong>Promotion</strong> of Workshops and Retreats	Things to consider when planning events - Sep 2022		Work	Teammates	Project %programme% speaks of promotion of workshops and retreats from a high level of what all activities and techniques should be done
Soulful Moonlight	unlisted	<strong>Soulful Moonlight</strong> for Non IT Organizations	Stubbed Page				
Team Welcome	work	<strong>Team Welcome</strong> via Video Script	A video introduction made in 2021 mid by Imran		Work	Management	A new innovative way for companies to attract talent by explaining how they work and inviting them to apply. Goes best with an active in house referral campaign.
Tigers	work	<strong>Everyone a Tiger</strong> - ES in 2013	Where it all started at YieldMore.org				
Tooling And Process	unlisted	<strong>Tooling And Process</strong> from IT	Stubbed Page				
Sessions	menu	Courses, Workshops and <strong>Sessions</strong>	Keep checking back for more ideas as they take shape				
Imaginative Communities	sessions	Thinking about all <strong>Communities Imaginatively</strong>	With the mantra: What behaviours / actions will improve our myriad communities!		Groups	Adults	Project %programme% will make people rethink how they perceive other groups and make them want to work more closely with them.
Candid Gatherings	sessions	<strong>Intimate Gatherings</strong> for Inspiration, Abundance, Healing and Expression	Workshops to: ENJOY | EXPLORE | HEAL | EXPRESS and SHARE a WISDOM WITH WORDS.	S6E-gzDqmgs	Groups	Mentors	Project %programme% will allow facilitators to engage with participants in this a workshop and help them to think of abundance, openness, vulnerability and expression.
Bows and Arrows	sessions	Workshop for Parents on Truly Letting their children FLY.	A message to parents and reasons to engage with YieldMore.org and it's teams				
Dharti	sessions	Dharti - Mother Earth - Equiping ourselves to heal each other and Her.	For parents and teachers on how to equip children to heal - through words and alternate healing practices and yoga.				
The Emerging Hero	unlisted	<strong>Uniting Heroes</strong> in the Spirit of Past and Fictional Heroes	Foreseen in 2018 when Imran joined the Good Country Project, and again in 2020 with "Catalyst".				
Collectives	sessions	<strong>Collectives</strong> like Colleagues and Teams	Collectives and Quality Time as used by Communities		Groups	Youth	Project %programme% will engage adults and youth in these quality time gatherings, giving them meaningful activity and letting them converse freely.
Ideas	menu2	<strong>Symphony</strong> of People and Organizations	Have a great idea to harmonize the members of a movement? Join us?				
Growing Together	ideas	400 people <strong>Growing Together</strong> in 2 years	A Blueprint that "shares everything equally after compensation - our DNA Model	DM_xGyzcYxI			
Marketplace	ideas	A Conscious <strong>Marketplace</strong>	Ideas to start a marketplace for people to promote their products and services in a sustainable ecosystem.				
World Pattern of Process	webring	A thesis about the <strong>World Pattern of Process</strong>	A conversation with Rasunah Marsden.				
Imran	webring	<strong>Imran</strong>, Founder	The 480+ poems and new age writing of Imran Ali Namazi.				
Help	webring	<strong>Help</strong> by Kindly Acts	#DirectDonations to the friends we've made and our various families and their centers.				
Delta School	webring	<strong>Delta</strong> Nursery and Primary School	Knowledge is Power. Discipline and Diligence.				
About Us	menu2	<strong>About YieldMore.org</strong> and it's Spirit	A candid look at why YieldMore.org exists, it's Spirit and Imran's intentions.				
Imrans Profile	about-us	Profile of <strong>Imran Ali</strong> Namazi	The Non Tech Profile of founder, trainer, ideator - Imran Ali Namazi.				
Imrans Resume	about-us	Resume of <strong>Imran Ali</strong> Namazi	The Technical Profile of programmer founder, Imran Ali Namazi.				
Joyland	about-us	The Proliferation of <strong>Joyland</strong>	Old 2019/20 notes on how Joyous Lands could be setup, the forerunner to Spaces for Growth and Healing				